,Unnamed: 0,Miasto,Powiat,Województwo,Populacja,Obszar
0,1,Warszawa,powiat Warszawa,mazowieckie,1 777 972,"517,2 km²"
1,2,Kraków,powiat Kraków,małopolskie,771 069,"326,9 km²"
2,3,Łódź,powiat Łódź,łódzkie,685 285,"293,3 km²"
3,4,Wrocław,powiat Wrocław,dolnośląskie,640 648,"292,8 km²"
4,5,Poznań,powiat Poznań,wielkopolskie,536 438,"261,9 km²"
5,6,Gdańsk,powiat Gdańsk,pomorskie,466 631,262 km²
6,7,Szczecin,powiat Szczecin,zachodniopomorskie,402 465,"300,6 km²"
7,8,Bydgoszcz,powiat Bydgoszcz,kujawsko-pomorskie,350 178,176 km²
8,9,Lublin,powiat Lublin,lubelskie,339 682,"147,5 km²"
9,10,Białystok,powiat Białystok,podlaskie,297 459,"102,1 km²"
10,11,Katowice,powiat Katowice,śląskie,294 510,"164,6 km²"
11,12,Gdynia,powiat Gdynia,pomorskie,246 309,"135,1 km²"
12,13,Częstochowa,powiat Częstochowa,śląskie,222 292,"159,7 km²"
13,14,Radom,powiat Radom,mazowieckie,213 029,"111,8 km²"
14,15,Toruń,powiat Toruń,kujawsko-pomorskie,202 074,"115,7 km²"
15,16,Sosnowiec,powiat Sosnowiec,śląskie,202 036,"91,1 km²"
16,17,Kielce,powiat Kielce,świętokrzyskie,195 774,"109,7 km²"
17,18,Rzeszów,powiat Rzeszów,podkarpackie,191 564,"120,4 km²"
18,19,Gliwice,powiat Gliwice,śląskie,179 806,"133,9 km²"
19,20,Zabrze,powiat Zabrze,śląskie,173 374,"80,4 km²"
20,21,Olsztyn,powiat Olsztyn,warmińsko-mazurskie,172 362,"88,3 km²"
21,22,Bielsko-Biała,powiat Bielsko-Biała,śląskie,171 259,"124,5 km²"
22,23,Bytom,powiat Bytom,śląskie,166 795,"69,4 km²"
23,24,Zielona Góra,powiat Zielona Góra,lubuskie,140 297,"278,3 km²"
24,25,Rybnik,powiat Rybnik,śląskie,138 696,"148,4 km²"
25,26,Ruda Śląska,powiat Ruda Śląska,śląskie,138 000,"77,7 km²"
26,27,Opole,powiat Opole,opolskie,128 137,"148,9 km²"
27,28,Tychy,powiat Tychy,śląskie,127 831,"81,8 km²"
28,29,Gorzów Wielkopolski,powiat Gorzów Wielkopolski,lubuskie,123 921,"85,7 km²"
29,30,Dąbrowa Górnicza,powiat Dąbrowa Górnicza,śląskie,120 259,"188,7 km²"
30,31,Elbląg,powiat Elbląg,warmińsko-mazurskie,120 142,"79,8 km²"
31,32,Płock,powiat Płock,mazowieckie,120 000,88 km²
32,33,Wałbrzych,powiat Wałbrzych,dolnośląskie,112 594,"84,7 km²"
33,34,Włocławek,powiat Włocławek,kujawsko-pomorskie,110 802,"84,3 km²"
34,35,Tarnów,powiat Tarnów,małopolskie,109 062,"72,4 km²"
35,36,Chorzów,powiat Chorzów,śląskie,108 434,"33,2 km²"
36,37,Koszalin,powiat Koszalin,zachodniopomorskie,107 321,"98,3 km²"
37,38,Kalisz,powiat Kalisz,wielkopolskie,100 975,"69,4 km²"
38,39,Legnica,powiat Legnica,dolnośląskie,99 752,"56,3 km²"
39,40,Grudziądz,powiat Grudziądz,kujawsko-pomorskie,95 045,"57,8 km²"
40,41,Jaworzno,powiat Jaworzno,śląskie,91 563,"152,6 km²"
41,42,Słupsk,powiat Słupsk,pomorskie,91 007,"43,2 km²"
42,43,Jastrzębie-Zdrój,powiat Jastrzębie-Zdrój,śląskie,89 128,"85,3 km²"
43,44,Nowy Sącz,powiat Nowy Sącz,małopolskie,83 896,"57,6 km²"
44,45,Jelenia Góra,powiat Jelenia Góra,dolnośląskie,79 480,"109,2 km²"
45,46,Siedlce,powiat Siedlce,mazowieckie,77 872,"31,9 km²"
46,47,Mysłowice,powiat Mysłowice,śląskie,74 586,"65,6 km²"
47,48,Konin,powiat Konin,wielkopolskie,74 151,"82,2 km²"
48,49,Piotrków Trybunalski,powiat Piotrków Trybunalski,łódzkie,73 670,"67,2 km²"
49,50,Piła,powiat pilski,wielkopolskie,73 398,"102,7 km²"
50,51,Inowrocław,powiat inowrocławski,kujawsko-pomorskie,73 114,"30,4 km²"
51,52,Lubin,powiat lubiński,dolnośląskie,72 581,"40,8 km²"
52,53,Ostrów Wielkopolski,powiat ostrowski,wielkopolskie,72 050,"41,9 km²"
53,54,Suwałki,powiat Suwałki,podlaskie,69 827,"65,5 km²"
54,55,Ostrowiec Świętokrzyski,powiat ostrowiecki,świętokrzyskie,69 051,"46,4 km²"
55,56,Gniezno,powiat gnieźnieński,wielkopolskie,68 479,"40,6 km²"
56,57,Stargard,powiat stargardzki,zachodniopomorskie,67 938,"48,1 km²"
57,58,Głogów,powiat głogowski,dolnośląskie,67 615,"35,1 km²"
58,59,Siemianowice Śląskie,powiat Siemianowice Śląskie,śląskie,67 154,"25,5 km²"
59,60,Pabianice,powiat pabianicki,łódzkie,65 283,33 km²
60,61,Leszno,powiat Leszno,wielkopolskie,63 952,"31,9 km²"
61,62,Zamość,powiat Zamość,lubelskie,63 813,"30,3 km²"
62,63,Łomża,powiat Łomża,podlaskie,63 000,"32,7 km²"
63,64,Chełm,powiat Chełm,lubelskie,62 670,"35,3 km²"
64,65,Tomaszów Mazowiecki,powiat tomaszowski,łódzkie,62 649,"41,3 km²"
65,66,Żory,powiat Żory,śląskie,62 456,"64,6 km²"
66,67,Ełk,powiat ełcki,warmińsko-mazurskie,61 928,"21,1 km²"
67,68,Pruszków,powiat pruszkowski,mazowieckie,61 784,"19,2 km²"
68,69,Tarnowskie Góry,powiat tarnogórski,śląskie,61 356,"83,7 km²"
69,70,Przemyśl,powiat Przemyśl,podkarpackie,61 251,"46,2 km²"
70,71,Stalowa Wola,powiat stalowowolski,podkarpackie,61 182,"82,5 km²"
71,72,Kędzierzyn-Koźle,powiat kędzierzyńsko-kozielski,opolskie,61 062,"123,7 km²"
72,73,Mielec,powiat mielecki,podkarpackie,60 478,"46,9 km²"
73,74,Tczew,powiat tczewski,pomorskie,60 279,"22,4 km²"
74,75,Bełchatów,powiat bełchatowski,łódzkie,57 432,"34,6 km²"
75,76,Biała Podlaska,powiat Biała Podlaska,lubelskie,57 352,"49,4 km²"
76,77,Świdnica,powiat świdnicki,dolnośląskie,57 310,"21,8 km²"
77,78,Będzin,powiat będziński,śląskie,56 804,"37,4 km²"
78,79,Zgierz,powiat zgierski,łódzkie,56 529,"42,3 km²"
79,80,Piekary Śląskie,powiat Piekary Śląskie,śląskie,55 299,40 km²
80,81,Racibórz,powiat raciborski,śląskie,54 882,75 km²
81,82,Legionowo,powiat legionowski,mazowieckie,54 066,"13,5 km²"
82,83,Ostrołęka,powiat Ostrołęka,mazowieckie,52 262,"33,5 km²"
83,84,Świętochłowice,powiat Świętochłowice,śląskie,50 012,"13,3 km²"
84,85,Wejherowo,powiat wejherowski,pomorskie,49 789,27 km²
85,86,Zawiercie,powiat zawierciański,śląskie,49 567,"85,3 km²"
86,87,Rumia,powiat wejherowski,pomorskie,49 031,"30,1 km²"
87,88,Starachowice,powiat starachowicki,świętokrzyskie,48 965,"31,8 km²"
88,89,Skierniewice,powiat Skierniewice,łódzkie,48 178,"34,6 km²"
89,90,Wodzisław Śląski,powiat wodzisławski,śląskie,48 143,"49,5 km²"
90,91,Piaseczno,powiat piaseczyński,mazowieckie,48 119,"16,2 km²"
91,92,Starogard Gdański,powiat starogardzki,pomorskie,47 776,"25,3 km²"
92,93,Puławy,powiat puławski,lubelskie,47 774,"50,5 km²"
93,94,Tarnobrzeg,powiat Tarnobrzeg,podkarpackie,47 047,"85,4 km²"
94,95,Krosno,powiat Krosno,podkarpackie,46 511,"43,5 km²"
95,96,Kołobrzeg,powiat kołobrzeski,zachodniopomorskie,46 367,"25,7 km²"
96,97,Radomsko,powiat radomszczański,łódzkie,46 087,"51,4 km²"
97,98,Dębica,powiat dębicki,podkarpackie,45 817,"33,8 km²"
98,99,Skarżysko-Kamienna,powiat skarżyski,świętokrzyskie,45 358,"64,4 km²"
99,100,Otwock,powiat otwocki,mazowieckie,44 880,"47,3 km²"
100,101,Ciechanów,powiat ciechanowski,mazowieckie,44 209,"32,8 km²"
101,102,Kutno,powiat kutnowski,łódzkie,44 172,"33,6 km²"
102,103,Nysa,powiat nyski,opolskie,44 044,"27,5 km²"
103,104,Sieradz,powiat sieradzki,łódzkie,42 267,"51,2 km²"
104,105,Zduńska Wola,powiat zduńskowolski,łódzkie,42 094,"24,6 km²"
105,106,Świnoujście,powiat Świnoujście,zachodniopomorskie,40 910,"202,1 km²"
106,107,Mikołów,powiat mikołowski,śląskie,40 813,"79,2 km²"
107,108,Mińsk Mazowiecki,powiat miński,mazowieckie,40 799,"13,2 km²"
108,109,Szczecinek,powiat szczecinecki,zachodniopomorskie,40 114,"48,5 km²"
109,110,Żyrardów,powiat żyrardowski,mazowieckie,39 992,"14,4 km²"
110,111,Chojnice,powiat chojnicki,pomorskie,39 904,21 km²
111,112,Świdnik,powiat świdnicki,lubelskie,39 312,"20,4 km²"
112,113,Bolesławiec,powiat bolesławiecki,dolnośląskie,38 935,"23,6 km²"
113,114,Nowa Sól,powiat nowosolski,lubuskie,38 843,"21,8 km²"
114,115,Malbork,powiat malborski,pomorskie,38 570,"17,2 km²"
115,116,Kwidzyn,powiat kwidzyński,pomorskie,38 481,"21,5 km²"
116,117,Knurów,powiat gliwicki,śląskie,38 402,34 km²
117,118,Oświęcim,powiat oświęcimski,małopolskie,38 300,30 km²
118,119,Jarosław,powiat jarosławski,podkarpackie,37 690,"34,6 km²"
119,120,Żary,powiat żarski,lubuskie,37 682,"33,5 km²"
120,121,Sanok,powiat sanocki,podkarpackie,37 577,"38,1 km²"
121,122,Oleśnica,powiat oleśnicki,dolnośląskie,37 242,21 km²
122,123,Wołomin,powiat wołomiński,mazowieckie,37 138,"17,2 km²"
123,124,Chrzanów,powiat chrzanowski,małopolskie,36 945,"38,3 km²"
124,125,Ząbki,powiat wołomiński,mazowieckie,36 706,11 km²
125,126,Sochaczew,powiat sochaczewski,mazowieckie,36 462,"26,2 km²"
126,127,Sopot,powiat Sopot,pomorskie,36 046,"17,3 km²"
127,128,Brzeg,powiat brzeski,opolskie,35 930,"14,6 km²"
128,129,Czechowice-Dziedzice,powiat bielski,śląskie,35 919,"32,9 km²"
129,130,Olkusz,powiat olkuski,małopolskie,35 608,"25,7 km²"
130,131,Lębork,powiat lęborski,pomorskie,35 367,"17,9 km²"
131,132,Jasło,powiat jasielski,podkarpackie,35 192,"36,5 km²"
132,133,Cieszyn,powiat cieszyński,śląskie,34 613,"28,6 km²"
133,134,Kraśnik,powiat kraśnicki,lubelskie,34 539,"26,1 km²"
134,135,Marki,powiat wołomiński,mazowieckie,33 914,"26,2 km²"
135,136,Nowy Targ,powiat nowotarski,małopolskie,33 373,"51,1 km²"
136,137,Dzierżoniów,powiat dzierżoniowski,dolnośląskie,33 344,"20,1 km²"
137,138,Iława,powiat iławski,warmińsko-mazurskie,33 250,"21,9 km²"
138,139,Ostróda,powiat ostródzki,warmińsko-mazurskie,32 996,"14,2 km²"
139,140,Oława,powiat oławski,dolnośląskie,32 927,"27,4 km²"
140,141,Police,powiat policki,zachodniopomorskie,32 685,"37,3 km²"
141,142,Luboń,powiat poznański,wielkopolskie,31 783,"13,5 km²"
142,143,Myszków,powiat myszkowski,śląskie,31 762,"73,6 km²"
143,144,Czeladź,powiat będziński,śląskie,31 677,"16,4 km²"
144,145,Grodzisk Mazowiecki,powiat grodziski,mazowieckie,31 505,"13,2 km²"
145,146,Żywiec,powiat żywiecki,śląskie,31 388,"50,5 km²"
146,147,Mława,powiat mławski,mazowieckie,31 234,"34,8 km²"
147,148,Pruszcz Gdański,powiat gdański,pomorskie,30 878,"16,5 km²"
148,149,Września,powiat wrzesiński,wielkopolskie,30 558,"12,7 km²"
149,150,Zgorzelec,powiat zgorzelecki,dolnośląskie,30 521,"15,9 km²"
150,151,Swarzędz,powiat poznański,wielkopolskie,30 433,"8,2 km²"
151,152,Augustów,powiat augustowski,podlaskie,30 242,"80,9 km²"
152,153,Bielawa,powiat dzierżoniowski,dolnośląskie,30 055,"36,2 km²"
153,154,Łuków,powiat łukowski,lubelskie,30 025,"35,8 km²"
154,155,Bochnia,powiat bocheński,małopolskie,29 922,"29,9 km²"
155,156,Śrem,powiat śremski,wielkopolskie,29 714,"12,4 km²"
156,157,Giżycko,powiat giżycki,warmińsko-mazurskie,29 396,"13,7 km²"
157,158,Krotoszyn,powiat krotoszyński,wielkopolskie,28 969,"22,5 km²"
158,159,Brodnica,powiat brodnicki,kujawsko-pomorskie,28 774,"23,2 km²"
159,160,Nowy Dwór Mazowiecki,powiat nowodworski,mazowieckie,28 647,"28,2 km²"
160,161,Łowicz,powiat łowicki,łódzkie,28 501,"23,4 km²"
161,162,Czerwionka-Leszczyny,powiat rybnicki,śląskie,28 266,"37,6 km²"
162,163,Gorlice,powiat gorlicki,małopolskie,27 597,"23,5 km²"
163,164,Kętrzyn,powiat kętrzyński,warmińsko-mazurskie,27 366,"10,4 km²"
164,165,Zakopane,powiat tatrzański,małopolskie,27 191,"84,3 km²"
165,166,Turek,powiat turecki,wielkopolskie,27 109,"16,2 km²"
166,167,Kłodzko,powiat kłodzki,dolnośląskie,26 954,"24,8 km²"
167,168,Wyszków,powiat wyszkowski,mazowieckie,26 890,"20,8 km²"
168,169,Biłgoraj,powiat biłgorajski,lubelskie,26 391,"21,1 km²"
169,170,Jarocin,powiat jarociński,wielkopolskie,26 256,"16,4 km²"
170,171,Świecie,powiat świecki,kujawsko-pomorskie,25 831,"11,9 km²"
171,172,Pszczyna,powiat pszczyński,śląskie,25 829,"22,5 km²"
172,173,Żagań,powiat żagański,lubuskie,25 812,"40,4 km²"
173,174,Reda,powiat wejherowski,pomorskie,25 810,"33,5 km²"
174,175,Wągrowiec,powiat wągrowiecki,wielkopolskie,25 648,"17,8 km²"
175,176,Bielsk Podlaski,powiat bielski,podlaskie,25 370,27 km²
176,177,Wałcz,powiat wałecki,zachodniopomorskie,25 359,"38,2 km²"
177,178,Skawina,powiat krakowski,małopolskie,24 362,"20,5 km²"
178,179,Białogard,powiat białogardzki,zachodniopomorskie,24 339,"25,7 km²"
179,180,Kościan,powiat kościański,wielkopolskie,23 923,"8,8 km²"
180,181,Lubliniec,powiat lubliniecki,śląskie,23 818,"89,4 km²"
181,182,Kościerzyna,powiat kościerski,pomorskie,23 759,"15,9 km²"
182,183,Kobyłka,powiat wołomiński,mazowieckie,23 706,"19,6 km²"
183,184,Kluczbork,powiat kluczborski,opolskie,23 661,"12,4 km²"
184,185,Sandomierz,powiat sandomierski,świętokrzyskie,23 644,"28,7 km²"
185,186,Bartoszyce,powiat bartoszycki,warmińsko-mazurskie,23 609,"11,8 km²"
186,187,Wieliczka,powiat wielicki,małopolskie,23 395,"13,4 km²"
187,188,Szczytno,powiat szczycieński,warmińsko-mazurskie,23 343,"10,6 km²"
188,189,Środa Wielkopolska,powiat średzki,wielkopolskie,23 312,"21,9 km²"
189,190,Jawor,powiat jaworski,dolnośląskie,23 056,"18,8 km²"
190,191,Świebodzice,powiat świdnicki,dolnośląskie,22 830,"30,4 km²"
191,192,Piastów,powiat pruszkowski,mazowieckie,22 657,"5,8 km²"
192,193,Ostrów Mazowiecka,powiat ostrowski,mazowieckie,22 545,"22,3 km²"
193,194,Wieluń,powiat wieluński,łódzkie,22 521,"16,9 km²"
194,195,Polkowice,powiat polkowicki,dolnośląskie,22 487,"23,7 km²"
195,196,Goleniów,powiat goleniowski,zachodniopomorskie,22 403,"11,8 km²"
196,197,Łaziska Górne,powiat mikołowski,śląskie,22 334,"20,1 km²"
197,198,Nowa Ruda,powiat kłodzki,dolnośląskie,22 246,"37,1 km²"
198,199,Zambrów,powiat zambrowski,podlaskie,22 166,19 km²
199,200,Płońsk,powiat płoński,mazowieckie,22 163,"11,6 km²"
200,201,Lubartów,powiat lubartowski,lubelskie,21 995,"13,9 km²"
201,202,Koło,powiat kolski,wielkopolskie,21 994,"13,9 km²"
202,203,Grajewo,powiat grajewski,podlaskie,21 935,"18,9 km²"
203,204,Świebodzin,powiat świebodziński,lubuskie,21 763,"16,9 km²"
204,205,Mrągowo,powiat mrągowski,warmińsko-mazurskie,21 708,"14,8 km²"
205,206,Aleksandrów Łódzki,powiat zgierski,łódzkie,21 682,"13,8 km²"
206,207,Rydułtowy,powiat wodzisławski,śląskie,21 637,15 km²
207,208,Opoczno,powiat opoczyński,łódzkie,21 327,"24,8 km²"
208,209,Działdowo,powiat działdowski,warmińsko-mazurskie,21 275,"11,5 km²"
209,210,Gryfino,powiat gryfiński,zachodniopomorskie,21 274,"9,6 km²"
210,211,Lubań,powiat lubański,dolnośląskie,21 168,"16,1 km²"
211,212,Prudnik,powiat prudnicki,opolskie,21 138,"20,5 km²"
212,213,Orzesze,powiat mikołowski,śląskie,20 927,"83,8 km²"
213,214,Hajnówka,powiat hajnowski,podlaskie,20 690,"21,3 km²"
214,215,Józefów,powiat otwocki,mazowieckie,20 605,"23,9 km²"
215,216,Rawicz,powiat rawicki,wielkopolskie,20 337,"7,7 km²"
216,217,Andrychów,powiat wadowicki,małopolskie,20 260,"10,3 km²"
217,218,Gostyń,powiat gostyński,wielkopolskie,20 192,"11,1 km²"
218,219,Trzebinia,powiat chrzanowski,małopolskie,19 846,"31,9 km²"
219,220,Chełmno,powiat chełmiński,kujawsko-pomorskie,19 720,"13,6 km²"
220,221,Sulejówek,powiat miński,mazowieckie,19 714,"19,3 km²"
221,222,Bieruń,powiat bieruńsko-lędziński,śląskie,19 605,"40,5 km²"
222,223,Ozorków,powiat zgierski,łódzkie,19 456,"15,5 km²"
223,224,Pułtusk,powiat pułtuski,mazowieckie,19 431,"23,1 km²"
224,225,Końskie,powiat konecki,świętokrzyskie,19 330,"17,7 km²"
225,226,Pisz,powiat piski,warmińsko-mazurskie,19 318,"10,1 km²"
226,227,Tomaszów Lubelski,powiat tomaszowski,lubelskie,19 198,"13,3 km²"
227,228,Kamienna Góra,powiat kamiennogórski,dolnośląskie,19 136,18 km²
228,229,Łęczna,powiat łęczyński,lubelskie,19 006,19 km²
229,230,Sokołów Podlaski,powiat sokołowski,mazowieckie,18 939,"17,5 km²"
230,231,Krasnystaw,powiat krasnostawski,lubelskie,18 778,"42,1 km²"
231,232,Szamotuły,powiat szamotulski,wielkopolskie,18 776,"11,1 km²"
232,233,Wadowice,powiat wadowicki,małopolskie,18 774,"10,5 km²"
233,234,Kęty,powiat oświęcimski,małopolskie,18 744,"23,1 km²"
234,235,Chodzież,powiat chodzieski,wielkopolskie,18 684,"12,8 km²"
235,236,Gostynin,powiat gostyniński,mazowieckie,18 647,"32,4 km²"
236,237,Pyskowice,powiat gliwicki,śląskie,18 456,"30,9 km²"
237,238,Złotów,powiat złotowski,wielkopolskie,18 446,"11,6 km²"
238,239,Pionki,powiat radomski,mazowieckie,18 427,"18,4 km²"
239,240,Myślenice,powiat myślenicki,małopolskie,18 386,"30,2 km²"
240,241,Nakło nad Notecią,powiat nakielski,kujawsko-pomorskie,18 353,"10,8 km²"
241,242,Sokółka,powiat sokólski,podlaskie,18 210,"18,6 km²"
242,243,Oborniki,powiat obornicki,wielkopolskie,18 179,"14,1 km²"
243,244,Międzyrzecz,powiat międzyrzecki,lubuskie,18 099,"10,3 km²"
244,245,Konstantynów Łódzki,powiat pabianicki,łódzkie,18 096,"27,3 km²"
245,246,Sierpc,powiat sierpecki,mazowieckie,18 014,"18,6 km²"
246,247,Strzelce Opolskie,powiat strzelecki,opolskie,17 982,30 km²
247,248,Radlin,powiat wodzisławski,śląskie,17 806,"12,5 km²"
248,249,Kostrzyn nad Odrą,powiat gorzowski,lubuskie,17 776,"46,1 km²"
249,250,Łańcut,powiat łańcucki,podkarpackie,17 738,"19,4 km²"
250,251,Hrubieszów,powiat hrubieszowski,lubelskie,17 735,33 km²
251,252,Zielonka,powiat wołomiński,mazowieckie,17 589,"79,5 km²"
252,253,Bogatynia,powiat zgorzelecki,dolnośląskie,17 559,"59,9 km²"
253,254,Garwolin,powiat garwoliński,mazowieckie,17 494,"22,1 km²"
254,255,Rawa Mazowiecka,powiat rawski,łódzkie,17 404,"14,3 km²"
255,256,Pleszew,powiat pleszewski,wielkopolskie,17 356,"13,4 km²"
256,257,Łask,powiat łaski,łódzkie,17 344,"15,7 km²"
257,258,Kozienice,powiat kozienicki,mazowieckie,17 331,"10,5 km²"
258,259,Przasnysz,powiat przasnyski,mazowieckie,17 309,"25,2 km²"
259,260,Trzcianka,powiat czarnkowsko-trzcianecki,wielkopolskie,17 197,"18,3 km²"
260,261,Konstancin-Jeziorna,powiat piaseczyński,mazowieckie,17 086,"17,7 km²"
261,262,Libiąż,powiat chrzanowski,małopolskie,17 084,"35,9 km²"
262,263,Braniewo,powiat braniewski,warmińsko-mazurskie,17 071,"12,4 km²"
263,264,Łomianki,powiat warszawski zachodni,mazowieckie,16 977,"8,4 km²"
264,265,Bytów,powiat bytowski,pomorskie,16 954,"8,7 km²"
265,266,Sulechów,powiat zielonogórski,lubuskie,16 925,"6,9 km²"
266,267,Brzesko,powiat brzeski,małopolskie,16 825,"11,9 km²"
267,268,Lędziny,powiat bieruńsko-lędziński,śląskie,16 822,"31,7 km²"
268,269,Radzionków,powiat tarnogórski,śląskie,16 818,"13,2 km²"
269,270,Międzyrzec Podlaski,powiat bialski,lubelskie,16 796,20 km²
270,271,Słubice,powiat słubicki,lubuskie,16 773,"19,2 km²"
271,272,Grójec,powiat grójecki,mazowieckie,16 707,"8,6 km²"
272,273,Gubin,powiat krośnieński,lubuskie,16 687,"20,7 km²"
273,274,Nowogard,powiat goleniowski,zachodniopomorskie,16 671,"12,6 km²"
274,275,Gryfice,powiat gryficki,zachodniopomorskie,16 527,"12,4 km²"
275,276,Namysłów,powiat namysłowski,opolskie,16 490,"22,6 km²"
276,277,Olecko,powiat olecki,warmińsko-mazurskie,16 477,"11,5 km²"
277,278,Krapkowice,powiat krapkowicki,opolskie,16 381,21 km²
278,279,Rypin,powiat rypiński,kujawsko-pomorskie,16 354,11 km²
279,280,Milanówek,powiat grodziski,mazowieckie,16 306,"13,4 km²"
280,281,Strzegom,powiat świdnicki,dolnośląskie,16 153,"20,5 km²"
281,282,Dęblin,powiat rycki,lubelskie,16 149,"38,3 km²"
282,283,Ustroń,powiat cieszyński,śląskie,16 054,59 km²
283,284,Busko-Zdrój,powiat buski,świętokrzyskie,15 952,"12,3 km²"
284,285,Ropczyce,powiat ropczycko-sędziszowski,podkarpackie,15 856,"47,1 km²"
285,286,Lidzbark Warmiński,powiat lidzbarski,warmińsko-mazurskie,15 820,"14,4 km²"
286,287,Jelcz-Laskowice,powiat oławski,dolnośląskie,15 792,"17,1 km²"
287,288,Radzyń Podlaski,powiat radzyński,lubelskie,15 731,"19,3 km²"
288,289,Złotoryja,powiat złotoryjski,dolnośląskie,15 655,"11,5 km²"
289,290,Łapy,powiat białostocki,podlaskie,15 643,"12,1 km²"
290,291,Solec Kujawski,powiat bydgoski,kujawsko-pomorskie,15 641,"18,7 km²"
291,292,Świdwin,powiat świdwiński,zachodniopomorskie,15 594,"22,4 km²"
292,293,Ustka,powiat słupski,pomorskie,15 527,"10,2 km²"
293,294,Boguszów-Gorce,powiat wałbrzyski,dolnośląskie,15 444,27 km²
294,295,Przeworsk,powiat przeworski,podkarpackie,15 376,"22,1 km²"
295,296,Nisko,powiat niżański,podkarpackie,15 359,61 km²
296,297,Choszczno,powiat choszczeński,zachodniopomorskie,15 248,"9,6 km²"
297,298,Limanowa,powiat limanowski,małopolskie,15 158,"18,7 km²"
298,299,Jędrzejów,powiat jędrzejowski,świętokrzyskie,15 149,"11,4 km²"
299,300,Ząbkowice Śląskie,powiat ząbkowicki,dolnośląskie,15 072,"13,7 km²"
300,301,Staszów,powiat staszowski,świętokrzyskie,14 810,"26,9 km²"
301,302,Grodzisk Wielkopolski,powiat grodziski,wielkopolskie,14 633,"18,2 km²"
302,303,Nowy Tomyśl,powiat nowotomyski,wielkopolskie,14 603,"5,2 km²"
303,304,Chełmża,powiat toruński,kujawsko-pomorskie,14 532,"7,8 km²"
304,305,Siemiatycze,powiat siemiatycki,podlaskie,14 505,"36,3 km²"
305,306,Lipno,powiat lipnowski,kujawsko-pomorskie,14 478,11 km²
306,307,Skoczów,powiat cieszyński,śląskie,14 469,"9,9 km²"
307,308,Kartuzy,powiat kartuski,pomorskie,14 382,"6,8 km²"
308,309,Głowno,powiat zgierski,łódzkie,14 291,"19,8 km²"
309,310,Ostrzeszów,powiat ostrzeszowski,wielkopolskie,14 176,"12,1 km²"
310,311,Kępno,powiat kępiński,wielkopolskie,14 123,"7,8 km²"
311,312,Łęczyca,powiat łęczycki,łódzkie,14 094,9 km²
312,313,Mosina,powiat poznański,wielkopolskie,14 015,"13,5 km²"
313,314,Lubsko,powiat żarski,lubuskie,14 000,"12,5 km²"
314,315,Pszów,powiat wodzisławski,śląskie,13 994,"20,4 km²"
315,316,Wschowa,powiat wschowski,lubuskie,13 953,"9,3 km²"
316,317,Żnin,powiat żniński,kujawsko-pomorskie,13 934,"8,4 km²"
317,318,Leżajsk,powiat leżajski,podkarpackie,13 891,"20,6 km²"
318,319,Dębno,powiat myśliborski,zachodniopomorskie,13 843,"19,5 km²"
319,320,Morąg,powiat ostródzki,warmińsko-mazurskie,13 838,"6,1 km²"
320,321,Nidzica,powiat nidzicki,warmińsko-mazurskie,13 820,"6,9 km²"
321,322,Barlinek,powiat myśliborski,zachodniopomorskie,13 803,"17,6 km²"
322,323,Słupca,powiat słupecki,wielkopolskie,13 773,"10,3 km²"
323,324,Darłowo,powiat sławieński,zachodniopomorskie,13 759,"20,2 km²"
324,325,Gołdap,powiat gołdapski,warmińsko-mazurskie,13 735,"17,2 km²"
325,326,Człuchów,powiat człuchowski,pomorskie,13 708,"12,8 km²"
326,327,Tuchola,powiat tucholski,kujawsko-pomorskie,13 680,"17,7 km²"
327,328,Wąbrzeźno,powiat wąbrzeski,kujawsko-pomorskie,13 605,"8,5 km²"
328,329,Głuchołazy,powiat nyski,opolskie,13 585,"6,8 km²"
329,330,Brwinów,powiat pruszkowski,mazowieckie,13 531,"10,1 km²"
330,331,Chojnów,powiat legnicki,dolnośląskie,13 426,"5,3 km²"
331,332,Trzebnica,powiat trzebnicki,dolnośląskie,13 322,"10,6 km²"
332,333,Włodawa,powiat włodawski,lubelskie,13 220,18 km²
333,334,Wolsztyn,powiat wolsztyński,wielkopolskie,13 183,"4,8 km²"
334,335,Koluszki,powiat łódzki wschodni,łódzkie,13 026,"9,9 km²"
335,336,Niepołomice,powiat wielicki,małopolskie,13 001,"27,4 km²"
336,337,Kłobuck,powiat kłobucki,śląskie,12 957,"47,5 km²"
337,338,Złocieniec,powiat drawski,zachodniopomorskie,12 950,"32,3 km²"
338,339,Radzymin,powiat wołomiński,mazowieckie,12 876,"23,4 km²"
339,340,Rabka-Zdrój,powiat nowotarski,małopolskie,12 780,"36,3 km²"
340,341,Węgrów,powiat węgrowski,mazowieckie,12 672,"35,5 km²"
341,342,Golub-Dobrzyń,powiat golubsko-dobrzyński,kujawsko-pomorskie,12 630,"7,5 km²"
342,343,Pyrzyce,powiat pyrzycki,zachodniopomorskie,12 617,"38,8 km²"
343,344,Głubczyce,powiat głubczycki,opolskie,12 596,"12,5 km²"
344,345,Brzeziny,powiat brzeziński,łódzkie,12 547,"21,6 km²"
345,346,Sławno,powiat sławieński,zachodniopomorskie,12 528,"15,8 km²"
346,347,Brzeg Dolny,powiat wołowski,dolnośląskie,12 492,"17,2 km²"
347,348,Strzelin,powiat strzeliński,dolnośląskie,12 435,"10,3 km²"
348,349,Wołów,powiat wołowski,dolnośląskie,12 425,"18,5 km²"
349,350,Błonie,powiat warszawski zachodni,mazowieckie,12 327,"9,1 km²"
350,351,Aleksandrów Kujawski,powiat aleksandrowski,kujawsko-pomorskie,12 220,"7,2 km²"
351,352,Pasłęk,powiat elbląski,warmińsko-mazurskie,12 211,"10,6 km²"
352,353,Lubaczów,powiat lubaczowski,podkarpackie,12 078,"25,7 km²"
353,354,Góra Kalwaria,powiat piaseczyński,mazowieckie,12 009,"13,7 km²"
354,355,Janów Lubelski,powiat janowski,lubelskie,11 940,"14,8 km²"
355,356,Warka,powiat grójecki,mazowieckie,11 926,"26,8 km²"
356,357,Szprotawa,powiat żagański,lubuskie,11 912,11 km²
357,358,Dąbrowa Tarnowska,powiat dąbrowski,małopolskie,11 906,"23,1 km²"
358,359,Mogilno,powiat mogileński,kujawsko-pomorskie,11 880,"8,3 km²"
359,360,Góra,powiat górowski,dolnośląskie,11 859,"13,7 km²"
360,361,Szydłowiec,powiat szydłowiecki,mazowieckie,11 779,"21,9 km²"
361,362,Drawsko Pomorskie,powiat drawski,zachodniopomorskie,11 657,"22,3 km²"
362,363,Miechów,powiat miechowski,małopolskie,11 652,"15,5 km²"
363,364,Ożarów Mazowiecki,powiat warszawski zachodni,mazowieckie,11 576,"8,1 km²"
364,365,Zdzieszowice,powiat krapkowicki,opolskie,11 471,"12,4 km²"
365,366,Wasilków,powiat białostocki,podlaskie,11 384,"28,3 km²"
366,367,Krosno Odrzańskie,powiat krośnieński,lubuskie,11 378,"8,2 km²"
367,368,Milicz,powiat milicki,dolnośląskie,11 357,"13,5 km²"
368,369,Węgorzewo,powiat węgorzewski,warmińsko-mazurskie,11 341,"10,9 km²"
369,370,Puck,powiat pucki,pomorskie,11 241,"4,8 km²"
370,371,Myślibórz,powiat myśliborski,zachodniopomorskie,11 235,15 km²
371,372,Brzeszcze,powiat oświęcimski,małopolskie,11 226,19 km²
372,373,Wronki,powiat szamotulski,wielkopolskie,11 199,"5,8 km²"
373,374,Koronowo,powiat bydgoski,kujawsko-pomorskie,11 182,"28,2 km²"
374,375,Nowa Dęba,powiat tarnobrzeski,podkarpackie,11 181,"16,7 km²"
375,376,Wisła,powiat cieszyński,śląskie,11 171,"110,2 km²"
376,377,Rogoźno,powiat obornicki,wielkopolskie,11 148,"11,2 km²"
377,378,Kowary,powiat jeleniogórski,dolnośląskie,10 957,"37,4 km²"
378,379,Nowe Miasto Lubawskie,powiat nowomiejski,warmińsko-mazurskie,10 925,"11,4 km²"
379,380,Pińczów,powiat pińczowski,świętokrzyskie,10 844,"14,3 km²"
380,381,Czarnków,powiat czarnkowsko-trzcianecki,wielkopolskie,10 735,"10,2 km²"
381,382,Krynica-Zdrój,powiat nowosądecki,małopolskie,10 686,"39,7 km²"
382,383,Parczew,powiat parczewski,lubelskie,10 650,"8,1 km²"
383,384,Międzychód,powiat międzychodzki,wielkopolskie,10 623,7 km²
384,385,Biskupiec,powiat olsztyński,warmińsko-mazurskie,10 602,5 km²
385,386,Ciechocinek,powiat aleksandrowski,kujawsko-pomorskie,10 596,"15,3 km²"
386,387,Miastko,powiat bytowski,pomorskie,10 473,"5,7 km²"
387,388,Syców,powiat oleśnicki,dolnośląskie,10 420,"17,1 km²"
388,389,Murowana Goślina,powiat poznański,wielkopolskie,10 396,"8,6 km²"
389,390,Lubawa,powiat iławski,warmińsko-mazurskie,10 381,"16,8 km²"
390,391,Kolno,powiat kolneński,podlaskie,10 261,"25,1 km²"
391,392,Łobez,powiat łobeski,zachodniopomorskie,10 241,"12,8 km²"
392,393,Dobre Miasto,powiat olsztyński,warmińsko-mazurskie,10 239,"4,9 km²"
393,394,Bukowno,powiat olkuski,małopolskie,10 197,"64,6 km²"
394,395,Bystrzyca Kłodzka,powiat kłodzki,dolnośląskie,10 189,"10,7 km²"
395,396,Drezdenko,powiat strzelecko-drezdenecki,lubuskie,10 182,"10,7 km²"
396,397,Sulęcin,powiat sulęciński,lubuskie,10 157,"8,6 km²"
397,398,Krzeszowice,powiat krakowski,małopolskie,10 051,17 km²
398,399,Włoszczowa,powiat włoszczowski,świętokrzyskie,10 043,"30,3 km²"
399,400,Mońki,powiat moniecki,podlaskie,10 010,"7,7 km²"
400,401,Trzebiatów,powiat gryficki,zachodniopomorskie,10 009,"10,3 km²"
401,402,Sztum,powiat sztumski,pomorskie,9 990,"4,6 km²"
402,403,Strzelce Krajeńskie,powiat strzelecko-drezdenecki,lubuskie,9 969,"5,5 km²"
403,404,Władysławowo,powiat pucki,pomorskie,9 958,"13,7 km²"
404,405,Kudowa-Zdrój,powiat kłodzki,dolnośląskie,9 954,"33,9 km²"
405,406,Nowy Dwór Gdański,powiat nowodworski,pomorskie,9 917,"5,1 km²"
406,407,Czersk,powiat chojnicki,pomorskie,9 912,"9,7 km²"
407,408,Karczew,powiat otwocki,mazowieckie,9 891,"28,1 km²"
408,409,Maków Mazowiecki,powiat makowski,mazowieckie,9 787,"10,3 km²"
409,410,Skwierzyna,powiat międzyrzecki,lubuskie,9 698,"35,9 km²"
410,411,Puszczykowo,powiat poznański,wielkopolskie,9 698,"16,4 km²"
411,412,Kostrzyn,powiat poznański,wielkopolskie,9 677,8 km²
412,413,Ryki,powiat rycki,lubelskie,9 667,"27,2 km²"
413,414,Opalenica,powiat nowotomyski,wielkopolskie,9 596,"6,4 km²"
414,415,Blachownia,powiat częstochowski,śląskie,9 594,"36,7 km²"
415,416,Szubin,powiat nakielski,kujawsko-pomorskie,9 576,"7,7 km²"
416,417,Kożuchów,powiat nowosolski,lubuskie,9 490,"5,9 km²"
417,418,Środa Śląska,powiat średzki,dolnośląskie,9 484,"14,9 km²"
418,419,Wysokie Mazowieckie,powiat wysokomazowiecki,podlaskie,9 414,"15,2 km²"
419,420,Olesno,powiat oleski,opolskie,9 406,"15,1 km²"
420,421,Czarna Białostocka,powiat białostocki,podlaskie,9 338,"14,3 km²"
421,422,Poniatowa,powiat opolski,lubelskie,9 195,"15,3 km²"
422,423,Pobiedziska,powiat poznański,wielkopolskie,9 181,"10,2 km²"
423,424,Sucha Beskidzka,powiat suski,małopolskie,9 165,"27,7 km²"
424,425,Imielin,powiat bieruńsko-lędziński,śląskie,9 153,28 km²
425,426,Kolbuszowa,powiat kolbuszowski,podkarpackie,9 133,"7,9 km²"
426,427,Ustrzyki Dolne,powiat bieszczadzki,podkarpackie,9 132,"16,8 km²"
427,428,Sępólno Krajeńskie,powiat sępoleński,kujawsko-pomorskie,9 118,"6,6 km²"
428,429,Oborniki Śląskie,powiat trzebnicki,dolnośląskie,9 109,"14,5 km²"
429,430,Chełmek,powiat oświęcimski,małopolskie,9 061,"8,3 km²"
430,431,Stary Sącz,powiat nowosądecki,małopolskie,9 048,15 km²
431,432,Wojkowice,powiat będziński,śląskie,8 936,"12,8 km²"
432,433,Strzyżów,powiat strzyżowski,podkarpackie,8 902,"13,9 km²"
433,434,Żuromin,powiat żuromiński,mazowieckie,8 901,"11,2 km²"
434,435,Lwówek Śląski,powiat lwówecki,dolnośląskie,8 870,"16,7 km²"
435,436,Kamień Pomorski,powiat kamieński,zachodniopomorskie,8 846,"10,7 km²"
436,437,Kruszwica,powiat inowrocławski,kujawsko-pomorskie,8 818,"6,6 km²"
437,438,Orneta,powiat lidzbarski,warmińsko-mazurskie,8 817,"9,6 km²"
438,439,Ziębice,powiat ząbkowicki,dolnośląskie,8 759,"15,1 km²"
439,440,Janikowo,powiat inowrocławski,kujawsko-pomorskie,8 758,"9,5 km²"
440,441,Ozimek,powiat opolski,opolskie,8 725,"3,3 km²"
441,442,Prabuty,powiat kwidzyński,pomorskie,8 696,"7,3 km²"
442,443,Grodków,powiat brzeski,opolskie,8 667,"9,9 km²"
443,444,Kalety,powiat tarnogórski,śląskie,8 626,"76,3 km²"
444,445,Wolbrom,powiat olkuski,małopolskie,8 604,"10,1 km²"
445,446,Jastrowie,powiat złotowski,wielkopolskie,8 598,"72,3 km²"
446,447,Wieruszów,powiat wieruszowski,łódzkie,8 568,6 km²
447,448,Poręba,powiat zawierciański,śląskie,8 568,40 km²
448,449,Opole Lubelskie,powiat opolski,lubelskie,8 470,"15,1 km²"
449,450,Suchedniów,powiat skarżyski,świętokrzyskie,8 379,"59,4 km²"
450,451,Żychlin,powiat kutnowski,łódzkie,8 220,"8,7 km²"
451,452,Tłuszcz,powiat wołomiński,mazowieckie,8 157,"7,9 km²"
452,453,Połaniec,powiat staszowski,świętokrzyskie,8 120,"17,4 km²"
453,454,Połczyn-Zdrój,powiat świdwiński,zachodniopomorskie,8 109,"7,2 km²"
454,455,Pniewy,powiat szamotulski,wielkopolskie,8 060,"9,3 km²"
455,456,Mszana Dolna,powiat limanowski,małopolskie,7 948,"27,1 km²"
456,457,Chocianów,powiat polkowicki,dolnośląskie,7 911,9 km²
457,458,Witkowo,powiat gnieźnieński,wielkopolskie,7 893,"8,3 km²"
458,459,Siechnice,powiat wrocławski,dolnośląskie,7 892,"15,6 km²"
459,460,Kórnik,powiat poznański,wielkopolskie,7 847,6 km²
460,461,Pelplin,powiat tczewski,pomorskie,7 818,"4,4 km²"
461,462,Lidzbark,powiat działdowski,warmińsko-mazurskie,7 817,"5,7 km²"
462,463,Zwoleń,powiat zwoleński,mazowieckie,7 737,"15,9 km²"
463,464,Nasielsk,powiat nowodworski,mazowieckie,7 707,"12,6 km²"
464,465,Praszka,powiat oleski,opolskie,7 704,"9,4 km²"
465,466,Trzemeszno,powiat gnieźnieński,wielkopolskie,7 670,"5,5 km²"
466,467,Zelów,powiat bełchatowski,łódzkie,7 636,"10,8 km²"
467,468,Olsztynek,powiat olsztyński,warmińsko-mazurskie,7 581,"7,7 km²"
468,469,Sędziszów Małopolski,powiat ropczycko-sędziszowski,podkarpackie,7 546,10 km²
469,470,Barczewo,powiat olsztyński,warmińsko-mazurskie,7 535,"4,6 km²"
470,471,Paczków,powiat nyski,opolskie,7 530,"6,6 km²"
471,472,Barcin,powiat żniński,kujawsko-pomorskie,7 468,"3,7 km²"
472,473,Brzozów,powiat brzozowski,podkarpackie,7 455,"11,5 km²"
473,474,Miasteczko Śląskie,powiat tarnogórski,śląskie,7 449,"67,8 km²"
474,475,Poddębice,powiat poddębicki,łódzkie,7 448,"5,9 km²"
475,476,Chojna,powiat gryfiński,zachodniopomorskie,7 390,"12,6 km²"
476,477,Tuszyn,powiat łódzki wschodni,łódzkie,7 292,"23,3 km²"
477,478,Zbąszyń,powiat nowotomyski,wielkopolskie,7 278,"5,4 km²"
478,479,Zawadzkie,powiat strzelecki,opolskie,7 168,"16,5 km²"
479,480,Gniewkowo,powiat inowrocławski,kujawsko-pomorskie,7 141,"9,2 km²"
480,481,Pieszyce,powiat dzierżoniowski,dolnośląskie,7 136,"17,7 km²"
481,482,Czaplinek,powiat drawski,zachodniopomorskie,7 124,"13,6 km²"
482,483,Łosice,powiat łosicki,mazowieckie,7 071,"23,7 km²"
483,484,Sławków,powiat będziński,śląskie,7 043,"36,7 km²"
484,485,Skarszewy,powiat starogardzki,pomorskie,7 023,"10,8 km²"
485,486,Białobrzegi,powiat białobrzeski,mazowieckie,6 980,"7,5 km²"
486,487,Sobótka,powiat wrocławski,dolnośląskie,6 957,"32,2 km²"
487,488,Kąty Wrocławskie,powiat wrocławski,dolnośląskie,6 948,"8,6 km²"
488,489,Łazy,powiat zawierciański,śląskie,6 845,"8,6 km²"
489,490,Łochów,powiat węgrowski,mazowieckie,6 821,"13,4 km²"
490,491,Pajęczno,powiat pajęczański,łódzkie,6 781,"20,2 km²"
491,492,Witnica,powiat gorzowski,lubuskie,6 763,"8,2 km²"
492,493,Gniew,powiat tczewski,pomorskie,6 761,6 km²
493,494,Żarów,powiat świdnicki,dolnośląskie,6 755,"7,6 km²"
494,495,Rudnik nad Sanem,powiat niżański,podkarpackie,6 726,"36,6 km²"
495,496,Twardogóra,powiat oleśnicki,dolnośląskie,6 716,"8,3 km²"
496,497,Żukowo,powiat kartuski,pomorskie,6 683,"4,7 km²"
497,498,Tuchów,powiat tarnowski,małopolskie,6 671,"18,1 km²"
498,499,Sianów,powiat koszaliński,zachodniopomorskie,6 664,"15,9 km²"
499,500,Gogolin,powiat krapkowicki,opolskie,6 661,"20,4 km²"
500,501,Gryfów Śląski,powiat lwówecki,dolnośląskie,6 641,"6,6 km²"
501,502,Sułkowice,powiat myślenicki,małopolskie,6 633,"16,5 km²"
502,503,Otmuchów,powiat nyski,opolskie,6 615,"49,5 km²"
503,504,Szklarska Poręba,powiat jeleniogórski,dolnośląskie,6 611,"75,4 km²"
504,505,Głogów Małopolski,powiat rzeszowski,podkarpackie,6 568,"13,7 km²"
505,506,Rzepin,powiat słubicki,lubuskie,6 564,"11,4 km²"
506,507,Bełżyce,powiat lubelski,lubelskie,6 551,"23,5 km²"
507,508,Koźmin Wielkopolski,powiat krotoszyński,wielkopolskie,6 536,"5,9 km²"
508,509,Opatów,powiat opatowski,świętokrzyskie,6 496,"9,4 km²"
509,510,Sędziszów,powiat jędrzejowski,świętokrzyskie,6 484,"7,9 km²"
510,511,Kłodawa,powiat kolski,wielkopolskie,6 481,"4,3 km²"
511,512,Piława Górna,powiat dzierżoniowski,dolnośląskie,6 457,"20,9 km²"
512,513,Żmigród,powiat trzebnicki,dolnośląskie,6 449,"9,5 km²"
513,514,Dobczyce,powiat myślenicki,małopolskie,6 434,13 km²
514,515,Mszczonów,powiat żyrardowski,mazowieckie,6 386,"8,6 km²"
515,516,Głuszyca,powiat wałbrzyski,dolnośląskie,6 381,"16,2 km²"
516,517,Niemodlin,powiat opolski,opolskie,6 359,"13,1 km²"
517,518,Polanica-Zdrój,powiat kłodzki,dolnośląskie,6 357,"17,2 km²"
518,519,Piechowice,powiat jeleniogórski,dolnośląskie,6 222,"43,2 km²"
519,520,Krzyż Wielkopolski,powiat czarnkowsko-trzcianecki,wielkopolskie,6 216,"5,8 km²"
520,521,Sulejów,powiat piotrkowski,łódzkie,6 204,"26,3 km²"
521,522,Przemków,powiat polkowicki,dolnośląskie,6 149,"6,2 km²"
522,523,Dynów,powiat rzeszowski,podkarpackie,6 138,"24,6 km²"
523,524,Boguchwała,powiat rzeszowski,podkarpackie,6 117,"9,1 km²"
524,525,Buk,powiat poznański,wielkopolskie,6 064,3 km²
525,526,Lubawka,powiat kamiennogórski,dolnośląskie,6 063,"22,4 km²"
526,527,Sieraków,powiat międzychodzki,wielkopolskie,6 056,"14,1 km²"
527,528,Grybów,powiat nowosądecki,małopolskie,6 038,17 km²
528,529,Kietrz,powiat głubczycki,opolskie,6 034,"18,7 km²"
529,530,Proszowice,powiat proszowicki,małopolskie,6 012,"7,3 km²"
530,531,Więcbork,powiat sępoleński,kujawsko-pomorskie,5 966,"4,3 km²"
531,532,Czarne,powiat człuchowski,pomorskie,5 952,"46,4 km²"
532,533,Koniecpol,powiat częstochowski,śląskie,5 950,"36,9 km²"
533,534,Stęszew,powiat poznański,wielkopolskie,5 931,"5,7 km²"
534,535,Działoszyn,powiat pajęczański,łódzkie,5 922,"4,9 km²"
535,536,Wołczyn,powiat kluczborski,opolskie,5 921,"7,5 km²"
536,537,Wieleń,powiat czarnkowsko-trzcianecki,wielkopolskie,5 919,"4,5 km²"
537,538,Karlino,powiat białogardzki,zachodniopomorskie,5 919,"9,4 km²"
538,539,Piwniczna-Zdrój,powiat nowosądecki,małopolskie,5 882,"38,3 km²"
539,540,Nowa Sarzyna,powiat leżajski,podkarpackie,5 880,"9,2 km²"
540,541,Choroszcz,powiat białostocki,podlaskie,5 867,"16,8 km²"
541,542,Nowe,powiat świecki,kujawsko-pomorskie,5 864,"3,6 km²"
542,543,Przysucha,powiat przysuski,mazowieckie,5 854,7 km²
543,544,Maków Podhalański,powiat suski,małopolskie,5 853,"20,1 km²"
544,545,Pieńsk,powiat zgorzelecki,dolnośląskie,5 848,"9,9 km²"
545,546,Szczawnica,powiat nowotarski,małopolskie,5 776,"32,9 km²"
546,547,Jedlicze,powiat krośnieński,podkarpackie,5 759,"10,6 km²"
547,548,Szczyrk,powiat bielski,śląskie,5 747,"39,1 km²"
548,549,Lewin Brzeski,powiat brzeski,opolskie,5 743,"11,6 km²"
549,550,Stronie Śląskie,powiat kłodzki,dolnośląskie,5 741,"2,4 km²"
550,551,Pakość,powiat inowrocławski,kujawsko-pomorskie,5 723,"3,5 km²"
551,552,Śmigiel,powiat kościański,wielkopolskie,5 703,"5,3 km²"
552,553,Stąporków,powiat konecki,świętokrzyskie,5 679,"10,9 km²"
553,554,Strzelno,powiat mogileński,kujawsko-pomorskie,5 663,"4,5 km²"
554,555,Lądek-Zdrój,powiat kłodzki,dolnośląskie,5 622,"20,3 km²"
555,556,Szczawno-Zdrój,powiat wałbrzyski,dolnośląskie,5 608,"14,7 km²"
556,557,Głogówek,powiat prudnicki,opolskie,5 604,"22,1 km²"
557,558,Radziejów,powiat radziejowski,kujawsko-pomorskie,5 602,"5,7 km²"
558,559,Siewierz,powiat będziński,śląskie,5 592,"38,7 km²"
559,560,Ścinawa,powiat lubiński,dolnośląskie,5 589,"13,5 km²"
560,561,Kazimierza Wielka,powiat kazimierski,świętokrzyskie,5 579,"5,3 km²"
561,562,Orzysz,powiat piski,warmińsko-mazurskie,5 579,"8,2 km²"
562,563,Susz,powiat iławski,warmińsko-mazurskie,5 571,"6,7 km²"
563,564,Terespol,powiat bialski,lubelskie,5 557,"10,1 km²"
564,565,Dąbrowa Białostocka,powiat sokólski,podlaskie,5 553,"22,6 km²"
565,566,Lipsko,powiat lipski,mazowieckie,5 544,"15,7 km²"
566,567,Lesko,powiat leski,podkarpackie,5 431,"15,3 km²"
567,568,Międzyzdroje,powiat kamieński,zachodniopomorskie,5 399,"4,5 km²"
568,569,Kuźnia Raciborska,powiat raciborski,śląskie,5 386,"31,5 km²"
569,570,Jordanów,powiat suski,małopolskie,5 373,21 km²
570,571,Dzierzgoń,powiat sztumski,pomorskie,5 367,"3,9 km²"
571,572,Sejny,powiat sejneński,podlaskie,5 344,"4,5 km²"
572,573,Radymno,powiat jarosławski,podkarpackie,5 314,"13,6 km²"
573,574,Czempiń,powiat kościański,wielkopolskie,5 295,"3,3 km²"
574,575,Brusy,powiat chojnicki,pomorskie,5 232,"5,2 km²"
575,576,Nowogród Bobrzański,powiat zielonogórski,lubuskie,5 188,"14,6 km²"
576,577,Szczytna,powiat kłodzki,dolnośląskie,5 163,"80,4 km²"
577,578,Jaworzyna Śląska,powiat świdnicki,dolnośląskie,5 141,"4,3 km²"
578,579,Wyrzysk,powiat pilski,wielkopolskie,5 139,"4,1 km²"
579,580,Odolanów,powiat ostrowski,wielkopolskie,5 130,"4,8 km²"
580,581,Zagórz,powiat sanocki,podkarpackie,5 120,"22,3 km²"
581,582,Debrzno,powiat człuchowski,pomorskie,5 102,"7,5 km²"
582,583,Borne Sulinowo,powiat szczecinecki,zachodniopomorskie,5 090,"18,2 km²"
583,584,Szczebrzeszyn,powiat zamojski,lubelskie,5 040,"29,1 km²"
584,585,Zbąszynek,powiat świebodziński,lubuskie,5 021,"3,6 km²"
585,586,Bolków,powiat jaworski,dolnośląskie,5 001,"7,7 km²"
586,587,Bychawa,powiat lubelski,lubelskie,4 942,"6,7 km²"
587,588,Pilzno,powiat dębicki,podkarpackie,4 903,16 km²
588,589,Bierutów,powiat oleśnicki,dolnośląskie,4 871,"8,4 km²"
589,590,Łaskarzew,powiat garwoliński,mazowieckie,4 860,"15,4 km²"
590,591,Jedlina-Zdrój,powiat wałbrzyski,dolnośląskie,4 851,"17,5 km²"
591,592,Muszyna,powiat nowosądecki,małopolskie,4 831,"24,4 km²"
592,593,Wolin,powiat kamieński,zachodniopomorskie,4 828,"14,5 km²"
593,594,Iłża,powiat radomski,mazowieckie,4 775,"15,8 km²"
594,595,Nowe Skalmierzyce,powiat ostrowski,wielkopolskie,4 770,"1,6 km²"
595,596,Kcynia,powiat nakielski,kujawsko-pomorskie,4 670,"6,8 km²"
596,597,Brześć Kujawski,powiat włocławski,kujawsko-pomorskie,4 659,7 km²
597,598,Ciechanowiec,powiat wysokomazowiecki,podlaskie,4 639,"19,5 km²"
598,599,Karpacz,powiat jeleniogórski,dolnośląskie,4 633,38 km²
599,600,Duszniki-Zdrój,powiat kłodzki,dolnośląskie,4 629,"22,3 km²"
600,601,Supraśl,powiat białostocki,podlaskie,4 622,"5,7 km²"
601,602,Biecz,powiat gorlicki,małopolskie,4 599,"17,7 km²"
602,603,Ożarów,powiat opatowski,świętokrzyskie,4 599,"7,8 km²"
603,604,Pilawa,powiat garwoliński,mazowieckie,4 589,"6,7 km²"
604,605,Reszel,powiat kętrzyński,warmińsko-mazurskie,4 571,"3,8 km²"
605,606,Żarki,powiat myszkowski,śląskie,4 568,"25,4 km²"
606,607,Zduny,powiat krotoszyński,wielkopolskie,4 534,"6,2 km²"
607,608,Kalwaria Zebrzydowska,powiat wadowicki,małopolskie,4 515,"5,5 km²"
608,609,Golina,powiat koniński,wielkopolskie,4 503,"3,5 km²"
609,610,Łabiszyn,powiat żniński,kujawsko-pomorskie,4 501,"2,9 km²"
610,611,Leśna,powiat lubański,dolnośląskie,4 484,"8,6 km²"
611,612,Ruciane-Nida,powiat piski,warmińsko-mazurskie,4 474,"17,1 km²"
612,613,Piotrków Kujawski,powiat radziejowski,kujawsko-pomorskie,4 468,"9,8 km²"
613,614,Krzepice,powiat kłobucki,śląskie,4 462,"27,7 km²"
614,615,Chęciny,powiat kielecki,świętokrzyskie,4 445,"14,1 km²"
615,616,Raciąż,powiat płoński,mazowieckie,4 420,"8,4 km²"
616,617,Rejowiec Fabryczny,powiat chełmski,lubelskie,4 417,"14,3 km²"
617,618,Serock,powiat legionowski,mazowieckie,4 416,"13,4 km²"
618,619,Kalisz Pomorski,powiat drawski,zachodniopomorskie,4 377,12 km²
619,620,Skaryszew,powiat radomski,mazowieckie,4 376,"27,5 km²"
620,621,Krośniewice,powiat kutnowski,łódzkie,4 375,"4,2 km²"
621,622,Mrocza,powiat nakielski,kujawsko-pomorskie,4 366,5 km²
622,623,Olszyna,powiat lubański,dolnośląskie,4 359,"20,3 km²"
623,624,Słomniki,powiat krakowski,małopolskie,4 348,"3,4 km²"
624,625,Skoki,powiat wągrowiecki,wielkopolskie,4 346,"11,2 km²"
625,626,Woźniki,powiat lubliniecki,śląskie,4 338,71 km²
626,627,Bytom Odrzański,powiat nowosolski,lubuskie,4 331,"2,3 km²"
627,628,Jasień,powiat żarski,lubuskie,4 328,"4,8 km²"
628,629,Sława,powiat wschowski,lubuskie,4 316,"14,9 km²"
629,630,Krobia,powiat gostyński,wielkopolskie,4 313,"7,1 km²"
630,631,Ogrodzieniec,powiat zawierciański,śląskie,4 296,"28,6 km²"
631,632,Nowy Staw,powiat malborski,pomorskie,4 283,"4,7 km²"
632,633,Korsze,powiat kętrzyński,warmińsko-mazurskie,4 259,4 km²
633,634,Żabno,powiat tarnowski,małopolskie,4 248,"11,1 km²"
634,635,Nowogrodziec,powiat bolesławiecki,dolnośląskie,4 235,"16,1 km²"
635,636,Resko,powiat łobeski,zachodniopomorskie,4 231,"4,5 km²"
636,637,Szamocin,powiat chodzieski,wielkopolskie,4 222,"4,7 km²"
637,638,Zawidów,powiat zgorzelecki,dolnośląskie,4 217,"6,1 km²"
638,639,Kleczew,powiat koniński,wielkopolskie,4 186,"7,8 km²"
639,640,Świeradów-Zdrój,powiat lubański,dolnośląskie,4 183,"20,7 km²"
640,641,Szczucin,powiat dąbrowski,małopolskie,4 173,"6,9 km²"
641,642,Sokołów Małopolski,powiat rzeszowski,podkarpackie,4 165,"15,5 km²"
642,643,Kowalewo Pomorskie,powiat golubsko-dobrzyński,kujawsko-pomorskie,4 143,"4,5 km²"
643,644,Tarczyn,powiat piaseczyński,mazowieckie,4 129,"5,2 km²"
644,645,Gąbin,powiat płocki,mazowieckie,4 114,28 km²
645,646,Mieroszów,powiat wałbrzyski,dolnośląskie,4 106,"10,3 km²"
646,647,Czerwieńsk,powiat zielonogórski,lubuskie,4 063,"9,4 km²"
647,648,Biała Piska,powiat piski,warmińsko-mazurskie,4 030,"3,2 km²"
648,649,Bobolice,powiat koszaliński,zachodniopomorskie,4 018,"4,8 km²"
649,650,Tułowice,powiat opolski,opolskie,3 998,"9,2 km²"
650,651,Żelechów,powiat garwoliński,mazowieckie,3 995,"12,1 km²"
651,652,Płoty,powiat gryficki,zachodniopomorskie,3 983,"4,1 km²"
652,653,Górowo Iławeckie,powiat bartoszycki,warmińsko-mazurskie,3 974,"3,3 km²"
653,654,Janowiec Wielkopolski,powiat żniński,kujawsko-pomorskie,3 966,3 km²
654,655,Ośno Lubuskie,powiat słubicki,lubuskie,3 949,8 km²
655,656,Lipiany,powiat pyrzycki,zachodniopomorskie,3 946,"5,5 km²"
656,657,Babimost,powiat zielonogórski,lubuskie,3 927,"3,7 km²"
657,658,Iłowa,powiat żagański,lubuskie,3 912,"9,2 km²"
658,659,Mirsk,powiat lwówecki,dolnośląskie,3 902,"14,7 km²"
659,660,Okonek,powiat złotowski,wielkopolskie,3 900,6 km²
660,661,Podkowa Leśna,powiat grodziski,mazowieckie,3 854,"10,1 km²"
661,662,Drzewica,powiat opoczyński,łódzkie,3 844,"4,8 km²"
662,663,Mikołajki,powiat mrągowski,warmińsko-mazurskie,3 838,"9,3 km²"
663,664,Rymanów,powiat krośnieński,podkarpackie,3 819,"12,4 km²"
664,665,Tyczyn,powiat rzeszowski,podkarpackie,3 816,"9,7 km²"
665,666,Skała,powiat krakowski,małopolskie,3 803,3 km²
666,667,Nowe Miasto nad Pilicą,powiat grójecki,mazowieckie,3 789,"11,3 km²"
667,668,Pruchnik,powiat jarosławski,podkarpackie,3 774,"19,9 km²"
668,669,Brańsk,powiat bielski,podlaskie,3 774,"32,4 km²"
669,670,Małogoszcz,powiat jędrzejowski,świętokrzyskie,3 769,"9,7 km²"
670,671,Nałęczów,powiat puławski,lubelskie,3 768,"13,8 km²"
671,672,Jabłonowo Pomorskie,powiat brodnicki,kujawsko-pomorskie,3 758,"3,4 km²"
672,673,Kargowa,powiat zielonogórski,lubuskie,3 754,"4,6 km²"
673,674,Nekla,powiat wrzesiński,wielkopolskie,3 754,"19,8 km²"
674,675,Halinów,powiat miński,mazowieckie,3 739,"2,8 km²"
675,676,Barwice,powiat szczecinecki,zachodniopomorskie,3 723,"7,5 km²"
676,677,Dobrodzień,powiat oleski,opolskie,3 722,"19,5 km²"
677,678,Chmielnik,powiat kielecki,świętokrzyskie,3 703,"7,8 km²"
678,679,Zator,powiat oświęcimski,małopolskie,3 698,"11,5 km²"
679,680,Ujście,powiat pilski,wielkopolskie,3 697,"5,8 km²"
680,681,Strumień,powiat cieszyński,śląskie,3 680,"6,3 km²"
681,682,Opatówek,powiat kaliski,wielkopolskie,3 677,"8,7 km²"
682,683,Wojcieszów,powiat złotoryjski,dolnośląskie,3 676,"32,2 km²"
683,684,Łeba,powiat lęborski,pomorskie,3 675,"14,8 km²"
684,685,Mieszkowice,powiat gryfiński,zachodniopomorskie,3 645,"5,3 km²"
685,686,Krajenka,powiat złotowski,wielkopolskie,3 638,"3,8 km²"
686,687,Szczekociny,powiat zawierciański,śląskie,3 622,18 km²
687,688,Prochowice,powiat legnicki,dolnośląskie,3 620,"9,9 km²"
688,689,Skórcz,powiat starogardzki,pomorskie,3 611,"3,6 km²"
689,690,Byczyna,powiat kluczborski,opolskie,3 609,"5,8 km²"
690,691,Kępice,powiat słupski,pomorskie,3 606,"6,1 km²"
691,692,Skępe,powiat lipnowski,kujawsko-pomorskie,3 603,"7,5 km²"
692,693,Rakoniewice,powiat grodziski,wielkopolskie,3 599,"3,4 km²"
693,694,Toszek,powiat gliwicki,śląskie,3 595,"9,7 km²"
694,695,Przedbórz,powiat radomszczański,łódzkie,3 572,"6,1 km²"
695,696,Miłosław,powiat wrzesiński,wielkopolskie,3 572,"4,1 km²"
696,697,Mrozy,powiat miński,mazowieckie,3 552,"7,7 km²"
697,698,Sompolno,powiat koniński,wielkopolskie,3 552,"6,2 km²"
698,699,Kowal,powiat włocławski,kujawsko-pomorskie,3 499,"4,7 km²"
699,700,Stryków,powiat zgierski,łódzkie,3 494,"8,2 km²"
700,701,Małomice,powiat żagański,lubuskie,3 489,"5,4 km²"
701,702,Myszyniec,powiat ostrołęcki,mazowieckie,3 426,"11,2 km²"
702,703,Rzgów,powiat łódzki wschodni,łódzkie,3 401,"16,8 km²"
703,704,Szczuczyn,powiat grajewski,podlaskie,3 394,"13,2 km²"
704,705,Złoczew,powiat sieradzki,łódzkie,3 384,"13,8 km²"
705,706,Alwernia,powiat chrzanowski,małopolskie,3 370,"8,9 km²"
706,707,Maszewo,powiat goleniowski,zachodniopomorskie,3 363,"5,5 km²"
707,708,Tarnogród,powiat biłgorajski,lubelskie,3 351,"10,7 km²"
708,709,Gołańcz,powiat wągrowiecki,wielkopolskie,3 336,"12,6 km²"
709,710,Wojnicz,powiat tarnowski,małopolskie,3 330,"8,5 km²"
710,711,Kolonowskie,powiat strzelecki,opolskie,3 328,"55,7 km²"
711,712,Kock,powiat lubartowski,lubelskie,3 315,"16,8 km²"
712,713,Łasin,powiat grudziądzki,kujawsko-pomorskie,3 298,"4,8 km²"
713,714,Hel,powiat pucki,pomorskie,3 285,23 km²
714,715,Tuliszków,powiat turecki,wielkopolskie,3 270,7 km²
715,716,Warta,powiat sieradzki,łódzkie,3 263,"10,9 km²"
716,717,Kobylin,powiat krotoszyński,wielkopolskie,3 245,"4,9 km²"
717,718,Miejska Górka,powiat rawicki,wielkopolskie,3 244,"3,1 km²"
718,719,Jeziorany,powiat olsztyński,warmińsko-mazurskie,3 225,"3,4 km²"
719,720,Zakroczym,powiat nowodworski,mazowieckie,3 210,20 km²
720,721,Chociwel,powiat stargardzki,zachodniopomorskie,3 209,"3,7 km²"
721,722,Biała Rawska,powiat rawski,łódzkie,3 197,"9,5 km²"
722,723,Radomyśl Wielki,powiat mielecki,podkarpackie,3 196,"8,8 km²"
723,724,Zwierzyniec,powiat zamojski,lubelskie,3 194,"6,2 km²"
724,725,Kańczuga,powiat przeworski,podkarpackie,3 171,"7,6 km²"
725,726,Radoszyce,powiat konecki,świętokrzyskie,3 167,"17,2 km²"
726,727,Ślesin,powiat koniński,wielkopolskie,3 151,"7,2 km²"
727,728,Pyzdry,powiat wrzesiński,wielkopolskie,3 145,"12,2 km²"
728,729,Bobowa,powiat gorlicki,małopolskie,3 136,"7,2 km²"
729,730,Dobrzyca,powiat pleszewski,wielkopolskie,3 128,"19,7 km²"
730,731,Krasnobród,powiat zamojski,lubelskie,3 094,7 km²
731,732,Mirosławiec,powiat wałecki,zachodniopomorskie,3 089,"2,4 km²"
732,733,Dobiegniew,powiat strzelecko-drezdenecki,lubuskie,3 088,"5,7 km²"
733,734,Wilamowice,powiat bielski,śląskie,3 086,"10,4 km²"
734,735,Chorzele,powiat przasnyski,mazowieckie,3 078,"17,5 km²"
735,736,Gozdnica,powiat żagański,lubuskie,3 061,"23,9 km²"
736,737,Michałowo,powiat białostocki,podlaskie,3 047,"2,2 km²"
737,738,Lubraniec,powiat włocławski,kujawsko-pomorskie,3 028,2 km²
738,739,Ćmielów,powiat ostrowiecki,świętokrzyskie,3 024,"13,3 km²"
739,740,Margonin,powiat chodzieski,wielkopolskie,3 019,"5,2 km²"
740,741,Glinojeck,powiat ciechanowski,mazowieckie,3 017,"7,4 km²"
741,742,Zaklików,powiat stalowowolski,podkarpackie,3 013,"11,4 km²"
742,743,Zagórów,powiat słupecki,wielkopolskie,3 005,"3,4 km²"
743,744,Oleszyce,powiat lubaczowski,podkarpackie,2 993,"5,1 km²"
744,745,Uniejów,powiat poddębicki,łódzkie,2 984,"12,2 km²"
745,746,Kunów,powiat ostrowiecki,świętokrzyskie,2 979,"7,3 km²"
746,747,Lwówek,powiat nowotomyski,wielkopolskie,2 977,"3,2 km²"
747,748,Niemcza,powiat dzierżoniowski,dolnośląskie,2 974,"19,8 km²"
748,749,Łobżenica,powiat pilski,wielkopolskie,2 972,"3,3 km²"
749,750,Mielno,powiat koszaliński,zachodniopomorskie,2 952,"33,5 km²"
750,751,Bojanowo,powiat rawicki,wielkopolskie,2 923,"2,3 km²"
751,752,Baborów,powiat głubczycki,opolskie,2 920,"11,9 km²"
752,753,Polanów,powiat koszaliński,zachodniopomorskie,2 918,"7,4 km²"
753,754,Recz,powiat choszczeński,zachodniopomorskie,2 914,"12,4 km²"
754,755,Daleszyce,powiat kielecki,świętokrzyskie,2 907,"15,5 km²"
755,756,Kałuszyn,powiat miński,mazowieckie,2 890,"12,3 km²"
756,757,Drobin,powiat płocki,mazowieckie,2 889,"9,7 km²"
757,758,Sulmierzyce,powiat krotoszyński,wielkopolskie,2 887,"29,3 km²"
758,759,Rydzyna,powiat leszczyński,wielkopolskie,2 867,"2,2 km²"
759,760,Węgliniec,powiat zgorzelecki,dolnośląskie,2 860,"8,7 km²"
760,761,Ryn,powiat giżycki,warmińsko-mazurskie,2 851,"4,1 km²"
761,762,Poniec,powiat gostyński,wielkopolskie,2 851,"3,5 km²"
762,763,Ryglice,powiat tarnowski,małopolskie,2 831,"25,2 km²"
763,764,Węgorzyno,powiat łobeski,zachodniopomorskie,2 831,"6,9 km²"
764,765,Czarna Woda,powiat starogardzki,pomorskie,2 805,"9,9 km²"
765,766,Złoty Stok,powiat ząbkowicki,dolnośląskie,2 787,"7,7 km²"
766,767,Kamieńsk,powiat radomszczański,łódzkie,2 782,12 km²
767,768,Nowe Miasteczko,powiat nowosolski,lubuskie,2 770,"3,3 km²"
768,769,Radłów,powiat tarnowski,małopolskie,2 767,"16,8 km²"
769,770,Wąchock,powiat starachowicki,świętokrzyskie,2 764,16 km²
770,771,Cybinka,powiat słubicki,lubuskie,2 756,"5,3 km²"
771,772,Knyszyn,powiat moniecki,podlaskie,2 755,"23,7 km²"
772,773,Pieniężno,powiat braniewski,warmińsko-mazurskie,2 746,"3,8 km²"
773,774,Nowy Wiśnicz,powiat bocheński,małopolskie,2 745,5 km²
774,775,Brzostek,powiat dębicki,podkarpackie,2 742,"8,8 km²"
775,776,Różan,powiat makowski,mazowieckie,2 727,"6,7 km²"
776,777,Książ Wielkopolski,powiat śremski,wielkopolskie,2 726,2 km²
777,778,Jastarnia,powiat pucki,pomorskie,2 710,"5,1 km²"
778,779,Dziwnów,powiat kamieński,zachodniopomorskie,2 698,"6,1 km²"
779,780,Tolkmicko,powiat elbląski,warmińsko-mazurskie,2 692,"2,3 km²"
780,781,Golczewo,powiat kamieński,zachodniopomorskie,2 673,"7,4 km²"
781,782,Wąsosz,powiat górowski,dolnośląskie,2 672,"3,2 km²"
782,783,Czerniejewo,powiat gnieźnieński,wielkopolskie,2 663,"10,2 km²"
783,784,Wysoka,powiat pilski,wielkopolskie,2 647,"4,8 km²"
784,785,Czyżew,powiat wysokomazowiecki,podlaskie,2 641,"5,2 km²"
785,786,Kłecko,powiat gnieźnieński,wielkopolskie,2 637,"9,6 km²"
786,787,Izbica Kujawska,powiat włocławski,kujawsko-pomorskie,2 631,"2,2 km²"
787,788,Wyszogród,powiat płocki,mazowieckie,2 618,13 km²
788,789,Międzylesie,powiat kłodzki,dolnośląskie,2 591,"14,4 km²"
789,790,Prószków,powiat opolski,opolskie,2 591,"16,2 km²"
790,791,Pełczyce,powiat choszczeński,zachodniopomorskie,2 589,"13,1 km²"
791,792,Leśnica,powiat strzelecki,opolskie,2 585,"14,5 km²"
792,793,Kazimierz Dolny,powiat puławski,lubelskie,2 579,"30,4 km²"
793,794,Bardo,powiat ząbkowicki,dolnośląskie,2 563,"4,7 km²"
794,795,Miłakowo,powiat ostródzki,warmińsko-mazurskie,2 560,"8,8 km²"
795,796,Piaski,powiat świdnicki,lubelskie,2 556,"8,4 km²"
796,797,Stoczek Łukowski,powiat łukowski,lubelskie,2 536,"9,2 km²"
797,798,Annopol,powiat kraśnicki,lubelskie,2 528,"7,7 km²"
798,799,Borek Wielkopolski,powiat gostyński,wielkopolskie,2 526,"6,3 km²"
799,800,Torzym,powiat sulęciński,lubuskie,2 524,"9,1 km²"
800,801,Pasym,powiat szczycieński,warmińsko-mazurskie,2 517,"15,2 km²"
801,802,Tychowo,powiat białogardzki,zachodniopomorskie,2 517,4 km²
802,803,Józefów,powiat biłgorajski,lubelskie,2 492,5 km²
803,804,Koprzywnica,powiat sandomierski,świętokrzyskie,2 488,"17,9 km²"
804,805,Łęknica,powiat żarski,lubuskie,2 483,"16,4 km²"
805,806,Stepnica,powiat goleniowski,zachodniopomorskie,2 471,"3,4 km²"
806,807,Ciężkowice,powiat tarnowski,małopolskie,2 469,10 km²
807,808,Zabłudów,powiat białostocki,podlaskie,2 464,"14,3 km²"
808,809,Koziegłowy,powiat myszkowski,śląskie,2 463,"26,7 km²"
809,810,Gorzów Śląski,powiat oleski,opolskie,2 452,"18,5 km²"
810,811,Lubycza Królewska,powiat tomaszowski,lubelskie,2 443,"3,9 km²"
811,812,Biała,powiat prudnicki,opolskie,2 443,"14,7 km²"
812,813,Miłomłyn,powiat ostródzki,warmińsko-mazurskie,2 442,"12,4 km²"
813,814,Radków,powiat kłodzki,dolnośląskie,2 418,15 km²
814,815,Gościno,powiat kołobrzeski,zachodniopomorskie,2 417,"5,7 km²"
815,816,Świątniki Górne,powiat krakowski,małopolskie,2 415,"4,4 km²"
816,817,Krynki,powiat sokólski,podlaskie,2 415,"3,8 km²"
817,818,Rychwał,powiat koniński,wielkopolskie,2 391,"9,7 km²"
818,819,Trzciel,powiat międzyrzecki,lubuskie,2 389,3 km²
819,820,Kamień Krajeński,powiat sępoleński,kujawsko-pomorskie,2 386,"3,7 km²"
820,821,Obrzycko,powiat szamotulski,wielkopolskie,2 385,"3,7 km²"
821,822,Bisztynek,powiat bartoszycki,warmińsko-mazurskie,2 365,"2,2 km²"
822,823,Frombork,powiat braniewski,warmińsko-mazurskie,2 355,"7,6 km²"
823,824,Międzybórz,powiat oleśnicki,dolnośląskie,2 352,"6,4 km²"
824,825,Lipsk,powiat augustowski,podlaskie,2 350,5 km²
825,826,Osieczna,powiat leszczyński,wielkopolskie,2 347,"4,8 km²"
826,827,Czchów,powiat brzeski,małopolskie,2 344,"14,1 km²"
827,828,Wolbórz,powiat piotrkowski,łódzkie,2 337,"15,2 km²"
828,829,Człopa,powiat wałecki,zachodniopomorskie,2 326,"6,3 km²"
829,830,Dobra,powiat łobeski,zachodniopomorskie,2 326,"2,4 km²"
830,831,Świerzawa,powiat złotoryjski,dolnośląskie,2 291,"1,8 km²"
831,832,Drawno,powiat choszczeński,zachodniopomorskie,2 290,5 km²
832,833,Trzcińsko-Zdrój,powiat gryfiński,zachodniopomorskie,2 273,"2,3 km²"
833,834,Dobrzany,powiat stargardzki,zachodniopomorskie,2 264,"5,3 km²"
834,835,Mogielnica,powiat grójecki,mazowieckie,2 260,13 km²
835,836,Wiązów,powiat strzeliński,dolnośląskie,2 257,"9,2 km²"
836,837,Bodzentyn,powiat kielecki,świętokrzyskie,2 240,"8,7 km²"
837,838,Prusice,powiat trzebnicki,dolnośląskie,2 232,"10,9 km²"
838,839,Biały Bór,powiat szczecinecki,zachodniopomorskie,2 199,"12,8 km²"
839,840,Stawiski,powiat kolneński,podlaskie,2 195,"13,2 km²"
840,841,Suchowola,powiat sokólski,podlaskie,2 180,26 km²
841,842,Szepietowo,powiat wysokomazowiecki,podlaskie,2 171,2 km²
842,843,Zalewo,powiat iławski,warmińsko-mazurskie,2 165,"8,2 km²"
843,844,Krzanowice,powiat raciborski,śląskie,2 158,"3,1 km²"
844,845,Nowogród,powiat łomżyński,podlaskie,2 156,"20,6 km²"
845,846,Łaszczów,powiat tomaszowski,lubelskie,2 154,5 km²
846,847,Błażowa,powiat rzeszowski,podkarpackie,2 151,"4,2 km²"
847,848,Sieniawa,powiat przeworski,podkarpackie,2 140,"6,7 km²"
848,849,Dobrzyń nad Wisłą,powiat lipnowski,kujawsko-pomorskie,2 139,"5,4 km²"
849,850,Tyszowce,powiat tomaszowski,lubelskie,2 132,"18,5 km²"
850,851,Żerków,powiat jarociński,wielkopolskie,2 132,"2,2 km²"
851,852,Błaszki,powiat sieradzki,łódzkie,2 122,"1,6 km²"
852,853,Kisielice,powiat iławski,warmińsko-mazurskie,2 103,"3,4 km²"
853,854,Pogorzela,powiat gostyński,wielkopolskie,2 100,"4,4 km²"
854,855,Raszków,powiat ostrowski,wielkopolskie,2 099,"2,1 km²"
855,856,Ostrów Lubelski,powiat lubartowski,lubelskie,2 092,"29,8 km²"
856,857,Kosów Lacki,powiat sokołowski,mazowieckie,2 088,"11,6 km²"
857,858,Dukla,powiat krośnieński,podkarpackie,2 083,"5,5 km²"
858,859,Narol,powiat lubaczowski,podkarpackie,2 076,"12,4 km²"
859,860,Rejowiec,powiat chełmski,lubelskie,2 070,"6,5 km²"
860,861,Lubniewice,powiat sulęciński,lubuskie,2 042,"12,1 km²"
861,862,Osiek,powiat staszowski,świętokrzyskie,2 015,"17,4 km²"
862,863,Dąbie,powiat kolski,wielkopolskie,2 002,"8,8 km²"
863,864,Lubomierz,powiat lwówecki,dolnośląskie,1 990,"8,1 km²"
864,865,Drohiczyn,powiat siemiatycki,podlaskie,1 987,"15,7 km²"
865,866,Sanniki,powiat gostyniński,mazowieckie,1 983,"11,8 km²"
866,867,Tykocin,powiat białostocki,podlaskie,1 975,29 km²
867,868,Jutrosin,powiat rawicki,wielkopolskie,1 967,"1,6 km²"
868,869,Sępopol,powiat bartoszycki,warmińsko-mazurskie,1 964,"4,6 km²"
869,870,Pilica,powiat zawierciański,śląskie,1 947,"8,2 km²"
870,871,Brok,powiat ostrowski,mazowieckie,1 940,"28,1 km²"
871,872,Grabów nad Prosną,powiat ostrzeszowski,wielkopolskie,1 940,"2,6 km²"
872,873,Cieszanów,powiat lubaczowski,podkarpackie,1 930,"15,1 km²"
873,874,Ińsko,powiat stargardzki,zachodniopomorskie,1 929,"7,5 km²"
874,875,Ostroróg,powiat szamotulski,wielkopolskie,1 920,"1,3 km²"
875,876,Szadek,powiat zduńskowolski,łódzkie,1 917,"17,9 km²"
876,877,Tuczno,powiat wałecki,zachodniopomorskie,1 916,"9,2 km²"
877,878,Sośnicowice,powiat gliwicki,śląskie,1 906,"11,7 km²"
878,879,Chodecz,powiat włocławski,kujawsko-pomorskie,1 899,"1,4 km²"
879,880,Nieszawa,powiat aleksandrowski,kujawsko-pomorskie,1 886,"9,8 km²"
880,881,Radzyń Chełmiński,powiat grudziądzki,kujawsko-pomorskie,1 864,"1,8 km²"
881,882,Bieżuń,powiat żuromiński,mazowieckie,1 856,"12,1 km²"
882,883,Mikstat,powiat ostrzeszowski,wielkopolskie,1 855,"2,5 km²"
883,884,Korfantów,powiat nyski,opolskie,1 817,"10,2 km²"
884,885,Goniądz,powiat moniecki,podlaskie,1 813,"4,3 km²"
885,886,Mordy,powiat siedlecki,mazowieckie,1 793,"4,5 km²"
886,887,Iwonicz-Zdrój,powiat krośnieński,podkarpackie,1 793,"5,9 km²"
887,888,Młynary,powiat elbląski,warmińsko-mazurskie,1 780,"2,8 km²"
888,889,Wleń,powiat lwówecki,dolnośląskie,1 778,"7,2 km²"
889,890,Chocz,powiat pleszewski,wielkopolskie,1 777,"6,9 km²"
890,891,Zawichost,powiat sandomierski,świętokrzyskie,1 776,"20,3 km²"
891,892,Ujazd,powiat strzelecki,opolskie,1 774,"14,8 km²"
892,893,Przecław,powiat mielecki,podkarpackie,1 768,16 km²
893,894,Wielichowo,powiat grodziski,wielkopolskie,1 767,"1,2 km²"
894,895,Krzywiń,powiat kościański,wielkopolskie,1 714,"2,3 km²"
895,896,Urzędów,powiat kraśnicki,lubelskie,1 709,"12,9 km²"
896,897,Morawica,powiat kielecki,świętokrzyskie,1 695,"4,4 km²"
897,898,Nowe Brzesko,powiat proszowicki,małopolskie,1 683,"7,3 km²"
898,899,Przedecz,powiat kolski,wielkopolskie,1 670,3 km²
899,900,Zakliczyn,powiat tarnowski,małopolskie,1 642,4 km²
900,901,Jedwabne,powiat łomżyński,podlaskie,1 632,"4,5 km²"
901,902,Moryń,powiat gryfiński,zachodniopomorskie,1 626,"5,5 km²"
902,903,Otyń,powiat nowosolski,lubuskie,1 601,"7,9 km²"
903,904,Łagów,powiat kielecki,świętokrzyskie,1 587,"8,2 km²"
904,905,Rajgród,powiat grajewski,podlaskie,1 585,"35,3 km²"
905,906,Cedynia,powiat gryfiński,zachodniopomorskie,1 573,"1,7 km²"
906,907,Dolsk,powiat śremski,wielkopolskie,1 560,"6,2 km²"
907,908,Stawiszyn,powiat kaliski,wielkopolskie,1 526,1 km²
908,909,Suchań,powiat stargardzki,zachodniopomorskie,1 477,"3,6 km²"
909,910,Baranów Sandomierski,powiat tarnobrzeski,podkarpackie,1 463,"9,2 km²"
910,911,Modliborzyce,powiat janowski,lubelskie,1 460,"7,9 km²"
911,912,Frampol,powiat biłgorajski,lubelskie,1 437,"4,7 km²"
912,913,Stopnica,powiat buski,świętokrzyskie,1 425,"4,6 km²"
913,914,Ulanów,powiat niżański,podkarpackie,1 424,"8,2 km²"
914,915,Jaraczewo,powiat jarociński,wielkopolskie,1 420,"10,1 km²"
915,916,Siedliszcze,powiat chełmski,lubelskie,1 412,"13,2 km²"
916,917,Kołaczyce,powiat jasielski,podkarpackie,1 403,"7,2 km²"
917,918,Lubień Kujawski,powiat włocławski,kujawsko-pomorskie,1 397,"2,3 km²"
918,919,Dobra,powiat turecki,wielkopolskie,1 387,"1,8 km²"
919,920,Górzno,powiat brodnicki,kujawsko-pomorskie,1 370,"3,4 km²"
920,921,Krynica Morska,powiat nowodworski,pomorskie,1 303,"118,6 km²"
921,922,Skalbmierz,powiat kazimierski,świętokrzyskie,1 289,"7,1 km²"
922,923,Szlichtyngowa,powiat wschowski,lubuskie,1 288,"1,6 km²"
923,924,Kleszczele,powiat hajnowski,podlaskie,1 271,"46,7 km²"
924,925,Nowe Warpno,powiat policki,zachodniopomorskie,1 192,"24,5 km²"
925,926,Suraż,powiat białostocki,podlaskie,988,"33,9 km²"
926,927,Józefów nad Wisłą,powiat opolski,lubelskie,923,"3,7 km²"
927,928,Działoszyce,powiat pińczowski,świętokrzyskie,908,"1,9 km²"
928,929,Wyśmierzyce,powiat białobrzeski,mazowieckie,886,"16,8 km²"
929,930,Wiślica,powiat buski,świętokrzyskie,515,"4,7 km²"
930,931,Piątek,powiat łęczycki,łódzkie,1 908,-
931,932,Lututów,powiat wieruszowski,łódzkie,2 235,-
932,933,Koszyce,powiat proszowicki,małopolskie,842,-
933,934,Czerwińsk nad Wisłą,powiat płoński,mazowieckie,1 089,-
934,935,Lubowidz,powiat żuromiński,mazowieckie,1 780,-
935,936,Nowy Korczyn,powiat buski,świętokrzyskie,1 031,-
936,937,Pacanów,powiat buski,świętokrzyskie,1 118,-
937,938,Opatowiec,powiat kazimierski,świętokrzyskie,338,-
938,939,Nowa Słupia,powiat kielecki,świętokrzyskie,1 404,-
939,940,Pierzchnica,powiat kielecki,świętokrzyskie,1 128,-
940,941,Klimontów,powiat sandomierski,świętokrzyskie,2 019,-
941,942,Oleśnica,powiat staszowski,świętokrzyskie,1 902,-
942,943,Szydłów,powiat staszowski,świętokrzyskie,1 080,-
943,944,Wielbark,powiat szczycieński,warmińsko-mazurskie,2 911,-
